id,price,bedrooms,bathrooms,sqft_living,sqft_lot,floors,grade,yr_built,zipcode,lat,long
3644100073,245000,2,1,670,1675,1,6,1960,98144,47.5918,-122.295
3644100072,245000,2,1,670,2356,1,6,1960,98144,47.5918,-122.295
9268200641,350000,2,1,800,5040,1,6,1960,98117,47.6953,-122.362
6146600595,209950,2,1,860,5080,1,7,1960,98032,47.39,-122.236
2987400025,253000,3,1,1030,6250,1,7,1960,98056,47.4988,-122.168
3333000775,249900,3,1,1100,5000,1,7,1960,98118,47.5433,-122.283
3438500339,276000,3,1,1140,5000,1,7,1960,98106,47.5535,-122.362
4039400430,330000,3,1.5,1170,4950,1,7,1960,98007,47.6057,-122.135
3448002267,385000,3,1.75,1340,3850,1,7,1960,98125,47.7134,-122.292
8024202350,435000,2,1,1650,5106,1,7,1960,98115,47.6992,-122.309
3812400854,352800,4,2,2080,6360,1,7,1960,98118,47.5392,-122.278
7130300785,418000,4,3,2360,6250,1,7,1960,98118,47.512,-122.249
3331001285,180000,3,1,1020,5500,1.5,7,1961,98118,47.5502,-122.286
3021059155,161500,3,1,1220,6000,1,7,1961,98002,47.2811,-122.214
4440400155,190000,3,1,1280,5100,1,7,1961,98178,47.5035,-122.259
2976800796,236000,3,1,1300,5898,1,7,1961,98178,47.5053,-122.255
1180005050,463000,4,2.75,1900,6000,1,7,1961,98178,47.495,-122.229
7301300050,375000,3,2.5,1930,6180,1,7,1961,98155,47.7481,-122.327
2124049229,469000,4,2.5,2240,5624,1,7,1961,98108,47.5574,-122.308
5207200160,490000,3,2.25,2380,6000,1,8,1961,98115,47.6955,-122.275
1253200170,250000,4,1.5,2500,6300,1,7,1961,98032,47.3781,-122.284
3361401210,209000,2,1,1070,6120,1,6,1962,98168,47.4989,-122.317
3226049045,350000,3,1.5,1090,5003,1,7,1962,98125,47.703,-122.321
1446800710,309000,3,1,1140,6400,1,7,1962,98168,47.4902,-122.331
4039300490,400000,3,1.5,1200,4800,1,7,1962,98007,47.6084,-122.136
4039300810,427000,3,1,1200,5252,1,7,1962,98007,47.6075,-122.134
796000085,175000,4,1,1210,6250,1,7,1962,98168,47.5008,-122.333
6450302175,342450,3,1.5,1280,5525,1,7,1962,98133,47.7339,-122.336
8685500020,387000,3,1,1530,6372,1,7,1962,98118,47.535,-122.289
9284801435,471000,4,1.75,1760,5750,1,7,1962,98126,47.5521,-122.373
7686205370,260000,4,1.75,1830,5375,1,7,1962,98198,47.4169,-122.316
9834200885,360000,4,2.5,2080,4080,1,7,1962,98144,47.572,-122.29
421000430,225000,3,1,960,5512,1,6,1963,98056,47.4944,-122.165
2648500030,112000,1,1,1080,3230,1,6,1963,98002,47.3075,-122.217
7960100260,349500,3,2,1270,3600,1,7,1963,98122,47.6099,-122.297
4315700060,378000,2,2,1300,3850,1,7,1963,98136,47.5395,-122.39
4443801285,466950,3,1,1360,3880,1,7,1963,98117,47.6837,-122.391
4040200490,461000,3,1.75,1420,5170,1,7,1963,98007,47.6151,-122.145
3332000715,433000,4,1.5,1550,5053,1,7,1963,98118,47.5499,-122.274
3352401037,224000,3,1.75,1760,6300,1,7,1963,98178,47.5003,-122.26
3878900225,345000,3,1.75,1990,5650,1,7,1963,98178,47.5086,-122.252
7338400945,420000,3,1.5,2080,5000,1,7,1963,98118,47.5322,-122.29
6450300840,499000,4,3.75,2560,5250,2,7,1963,98133,47.7326,-122.342
7891600590,336000,3,1.5,1240,5000,1,7,1964,98106,47.5659,-122.36
9842300036,415885,3,1,1310,4163,1,7,1964,98126,47.5301,-122.381
7211400760,277000,4,1,1450,6250,1,6,1964,98146,47.5131,-122.357
2608300035,329000,3,1,1600,5952,1,7,1964,98106,47.5292,-122.362
4006000509,333000,3,1,1620,5040,1,7,1964,98118,47.5263,-122.286
1426300842,455850,3,2.25,1820,6000,1,7,1964,98108,47.5684,-122.3
393000311,286300,3,2.75,2000,6405,1,8,1964,98178,47.5066,-122.259
3812400898,399950,5,2,2760,6420,1,7,1964,98118,47.5396,-122.276
3013300968,416500,3,1,1100,4184,1,7,1965,98136,47.5309,-122.382
3277800845,370000,3,1,1170,1105,1,7,1965,98126,47.5448,-122.375
6413100122,369950,3,1.75,1640,4860,1,8,1965,98125,47.7125,-122.32
6145601890,415000,5,1.75,1960,3748,1,7,1965,98133,47.7027,-122.349
6046401030,432500,3,1.75,1980,5100,1,7,1965,98103,47.6911,-122.347
4440400125,228000,4,1.75,2000,6120,1,7,1965,98178,47.5035,-122.258
1062100100,424000,4,2,2100,4857,2,8,1965,98155,47.7521,-122.279
7131300063,350000,4,1.75,2140,4959,1,7,1965,98118,47.5166,-122.266
3379200100,334000,4,2.5,2210,6080,1,8,1965,98178,47.4915,-122.228
7129304225,305000,4,2.25,2340,5250,2,7,1965,98118,47.5183,-122.266
9218400050,475000,4,3,2400,5400,2,7,1965,98178,47.5099,-122.26
7399100040,185000,3,1.5,1200,1848,2,8,1966,98055,47.4658,-122.191
7399100210,140000,3,1.5,1200,2002,2,8,1966,98055,47.4659,-122.189
3083001095,410000,3,1.75,1760,3520,1,7,1966,98144,47.5773,-122.303
3333002302,428000,4,2.5,1950,5602,1,7,1966,98118,47.5437,-122.291
7981900110,350000,4,2.75,2300,3175,1.5,6,1966,98144,47.5732,-122.305
793200100,360000,3,1.25,2350,6200,1,7,1966,98007,47.5979,-122.135
7129800063,330000,5,2.75,2390,6282,1,7,1966,98118,47.5149,-122.263
4112100101,415000,6,2,2500,5200,1,8,1966,98118,47.5517,-122.268
7243500025,411000,4,2.75,2500,5257,2,8,1966,98118,47.5293,-122.287
7345000340,208000,3,1,1020,6120,1,7,1967,98002,47.278,-122.205
7893207665,210000,3,1,1030,4583,1,7,1967,98198,47.4231,-122.329
421000555,200000,3,1,1050,5000,1,6,1967,98056,47.4923,-122.165
3876500290,175000,3,1,1070,6164,1,7,1967,98001,47.3377,-122.291
2891000450,229500,3,1,1230,6000,1,7,1967,98002,47.3256,-122.209
8857100060,277700,2,1.5,1240,1055,2,8,1967,98008,47.6104,-122.112
8857100180,350000,3,2.25,1410,1340,2,8,1967,98008,47.6108,-122.113
6632900405,329922,3,1.75,1420,6289,1,7,1967,98155,47.7398,-122.314
5100401429,350500,2,1,1450,6380,1,7,1967,98115,47.6924,-122.321
2171400126,269000,3,1,1690,4250,1,7,1967,98178,47.4945,-122.258
2891000610,148900,4,1.75,1700,6000,1,7,1967,98002,47.3252,-122.208
2624049169,400000,3,1.5,1890,6183,1,7,1967,98118,47.5396,-122.269
8731902340,275000,4,1.75,1960,6177,1,8,1967,98023,47.3131,-122.383
2560801222,180000,3,2.25,1990,6350,2,7,1967,98198,47.3822,-122.316
5491200210,350000,3,1,2010,6000,1,7,1967,98108,47.5515,-122.298
1311910300,260000,5,2.25,2320,6375,1,7,1967,98001,47.3351,-122.282
1278000210,110000,2,1,828,4524,1,6,1968,98001,47.2655,-122.244
8651401680,198000,3,1,860,5185,1,6,1968,98042,47.3634,-122.086
1773101050,290000,3,1,960,4560,1,7,1968,98106,47.5539,-122.365
4006000251,226000,3,1,970,5000,1,6,1968,98118,47.5282,-122.279
1443500395,360000,3,1.5,1060,6232,1,7,1968,98118,47.5329,-122.271
2891000680,195000,3,1.75,1070,6110,1,7,1968,98002,47.3249,-122.207
8651400750,209950,3,1.75,1100,5525,1,6,1968,98042,47.3625,-122.084
8651401960,179950,4,1.5,1130,5200,1,6,1968,98042,47.3616,-122.089
2891000750,222000,3,2,1200,6074,1,7,1968,98002,47.325,-122.205
4202400135,177500,3,1.5,1220,6000,1,7,1968,98055,47.4904,-122.222
2891100820,213500,3,1,1220,6000,1,7,1968,98002,47.3245,-122.209
8658303265,300000,3,1,1260,5000,1,6,1968,98014,47.6492,-121.915
3585220070,333760,3,1,1300,5880,1,7,1968,98052,47.6937,-122.113
3942900115,445000,3,1.75,1360,4998,1,8,1968,98108,47.547,-122.302
8651401720,215000,3,1.5,1610,5304,1,6,1968,98042,47.3632,-122.087
2112700920,285000,3,1.75,1630,4000,1,7,1968,98106,47.5351,-122.353
7548300326,290000,4,2,1660,4788,1,7,1968,98144,47.5878,-122.312
2291401425,485000,5,2,1910,5508,1,7,1968,98133,47.7074,-122.349
7950303530,400000,4,2,2060,3060,2,7,1968,98118,47.5631,-122.285
4310700665,450000,4,3,2200,4466,2,7,1968,98103,47.7005,-122.339
7525100060,497000,4,2.25,2250,3463,2,8,1968,98052,47.6324,-122.106
8651402910,176000,2,1,770,5200,1,6,1969,98042,47.3627,-122.087
8651431100,199990,3,1,840,5200,1,6,1969,98042,47.3685,-122.077
8651410090,209000,2,1,840,5265,1,6,1969,98042,47.3644,-122.082
8651400730,191000,3,1,840,5525,1,6,1969,98042,47.3607,-122.085
8651410740,189000,3,1,860,5200,1,6,1969,98042,47.3677,-122.078
8651430870,177000,3,1,870,5200,1,6,1969,98042,47.3695,-122.081
8651430220,183000,3,1,870,5200,1,6,1969,98042,47.3702,-122.078
8651430210,217000,3,1,870,5200,1,6,1969,98042,47.3701,-122.078
8651430560,180000,3,1,870,5330,1,6,1969,98042,47.369,-122.077
9320900420,89000,3,1,900,4750,1,6,1969,98023,47.3026,-122.363
9320900610,146000,3,1,900,4770,1,6,1969,98023,47.3038,-122.362
8651410330,215150,3,1,920,4770,1,6,1969,98042,47.3654,-122.082
8651410190,179950,3,1,920,4875,1,6,1969,98042,47.3648,-122.081
8651400680,179000,3,1,920,5200,1,6,1969,98042,47.3603,-122.085
8651410240,209000,3,1,920,5200,1,6,1969,98042,47.3647,-122.082
8651410670,189950,3,1,920,6460,1,6,1969,98042,47.3665,-122.082
4239400300,90000,3,1,980,2490,2,6,1969,98092,47.317,-122.182
8651411260,128000,2,1,980,5393,1,6,1969,98042,47.3674,-122.081
254000175,325000,2,1,1050,4800,1,7,1969,98146,47.5128,-122.388
8651400580,195000,3,1.5,1050,5525,1,6,1969,98042,47.3608,-122.083
8651402700,202950,2,1,1060,5144,1,6,1969,98042,47.3613,-122.088
8651410950,216500,2,1,1060,5200,1,6,1969,98042,47.3688,-122.08
4239400920,149000,3,1,1090,2800,1,6,1969,98092,47.3162,-122.183
4239400730,152000,3,1,1090,3264,1,6,1969,98092,47.3155,-122.182
4239400960,143000,3,1,1090,3315,1,6,1969,98092,47.3159,-122.183
4239400840,152500,3,1,1090,3523,1,6,1969,98092,47.3161,-122.182
8651400230,225000,3,2,1100,5200,1,6,1969,98042,47.3606,-122.083
8651410120,225500,3,1,1100,5200,1,6,1969,98042,47.3643,-122.081
8651402920,219900,4,1.5,1120,5427,1,6,1969,98042,47.3628,-122.087
4239400740,192950,3,1,1170,3330,2,6,1969,98092,47.3155,-122.182
8651402750,132825,3,1.5,1210,5200,1,6,1969,98042,47.3615,-122.087
8651430370,150000,3,1,1240,5200,1,6,1969,98042,47.3701,-122.079
8651411070,180000,3,1,1280,4875,1,6,1969,98042,47.3686,-122.081
8857310010,268500,2,1.5,1290,1749,1,8,1969,98008,47.6118,-122.116
7201800280,409950,3,1.75,1320,6030,1,7,1969,98052,47.6993,-122.13
8651402660,175409,4,1.5,1450,5530,1,6,1969,98042,47.3613,-122.087
1062100115,405000,3,2,1450,6081,1,7,1969,98155,47.7522,-122.278
1062100116,475000,3,2.5,1640,5097,2,7,1969,98155,47.7522,-122.278
3013300288,478500,3,1,2090,4755,1,8,1969,98136,47.5304,-122.387
3331500650,356000,3,1,920,3863,1,6,1970,98118,47.5524,-122.27
1099600620,160000,3,1.5,960,6497,1,7,1970,98023,47.3018,-122.378
1138020020,335000,3,1,990,6315,1,7,1970,98034,47.7116,-122.214
8651441750,174950,3,1,1060,5200,1,6,1970,98042,47.3636,-122.093
3530410020,265000,2,1.75,1090,3272,1,8,1970,98198,47.3794,-122.32
9828200746,440000,2,1.5,1120,1024,2,8,1970,98122,47.6175,-122.298
8651411420,218000,3,1.5,1140,4875,1,6,1970,98042,47.3684,-122.08
8651441620,210000,3,1.5,1160,5200,1,7,1970,98042,47.364,-122.094
8651411460,214000,3,1.5,1240,5200,1,6,1970,98042,47.3683,-122.079
1138020200,435000,4,1.5,1510,6460,1,7,1970,98034,47.7121,-122.214
4006000571,183750,5,2.75,1650,5453,1,7,1970,98118,47.5293,-122.285
4174600391,393000,5,2,1820,5054,1,7,1970,98108,47.5547,-122.299
2946002914,325000,3,1.75,2300,6200,1,7,1970,98198,47.4176,-122.323
1430800258,244000,3,1,910,5250,1,6,1971,98166,47.4729,-122.352
3319500628,356999,3,1.5,1010,1546,2,8,1971,98144,47.5998,-122.311
1099600220,185000,3,1,1010,6400,1,7,1971,98023,47.3027,-122.376
9284800844,310000,4,1,1030,5750,1,7,1971,98126,47.553,-122.37
5248800625,385000,3,1,1070,4000,1,7,1971,98108,47.5529,-122.305
4388000140,194000,3,1,1070,6440,1,7,1971,98023,47.3186,-122.373
4006000580,225000,3,1.5,1240,5506,1,7,1971,98118,47.5294,-122.285
1231000500,275000,3,2,1380,3500,2,7,1971,98118,47.5558,-122.27
8910500150,329932,3,1.5,1460,5040,1,7,1971,98133,47.7112,-122.357
7504200120,430000,3,2,1910,5040,1.5,8,1971,98074,47.6312,-122.061
6126500060,329950,3,1.75,2080,5969,1,7,1971,98108,47.5474,-122.295
7504200250,490000,3,2.25,2330,3600,1.5,8,1971,98074,47.631,-122.061
3530420020,162950,2,1,950,2784,1,8,1972,98198,47.3793,-122.321
6145601725,345000,3,1,960,3844,1,7,1972,98133,47.7027,-122.346
3530420110,195000,2,1,1080,3899,1,8,1972,98198,47.3792,-122.321
6145600955,329000,4,1,1120,3844,1,7,1972,98133,47.7038,-122.352
1049000740,229950,2,1.5,1160,1848,2,7,1972,98034,47.7366,-122.176
1049000060,325000,3,2,1260,5612,1,7,1972,98034,47.7362,-122.179
1727500010,354000,3,1.75,1340,6300,1,7,1972,98034,47.7186,-122.218
9834201100,332500,4,2,1440,4855,2,7,1972,98144,47.5717,-122.287
9137101353,489000,3,2,1510,3000,1,7,1972,98115,47.6804,-122.319
1727500230,415000,3,1.75,1640,6435,1,7,1972,98034,47.7197,-122.217
1049010300,435000,4,2,1650,4745,1,7,1972,98034,47.7359,-122.18
4279900140,251000,4,2,1650,5974,1,7,1972,98178,47.5008,-122.257
1049010620,90000,2,1,790,2640,1,7,1973,98034,47.7351,-122.178
7899800045,107000,3,1.5,910,5120,1,6,1973,98106,47.5238,-122.356
6882520050,250000,3,1,930,6060,1,6,1973,98118,47.5289,-122.28
7893207510,337500,3,1.75,1350,5850,1,7,1973,98198,47.4225,-122.328
7202000220,426000,4,1.5,1470,5850,1,7,1973,98052,47.7,-122.129
7203600750,421000,3,2.5,1930,4505,1,7,1973,98198,47.3459,-122.326
3083000048,427000,5,2.75,2220,4000,1,7,1973,98144,47.5754,-122.305
3878900815,361000,3,2.25,2470,5650,1,7,1973,98178,47.5072,-122.252
1604601855,360500,3,1,970,6180,1,6,1974,98118,47.5658,-122.291
3530430100,187000,2,1.75,1050,2926,1,8,1974,98198,47.3811,-122.317
3582750280,347000,2,1.75,1315,2162,2,8,1974,98028,47.752,-122.253
7525100590,382000,2,2,1350,2560,1,8,1974,98052,47.6338,-122.106
3530400080,255000,2,2,1360,5433,1,8,1974,98198,47.3804,-122.32
3750603471,239950,3,2.5,1560,4800,2,7,1974,98001,47.2653,-122.285
3582750120,409000,2,2.25,1640,2128,2,8,1974,98028,47.753,-122.252
3582750170,410000,2,2.25,1660,2128,2,8,1974,98028,47.7528,-122.252
1795700030,355000,3,2.5,1880,5290,1,8,1974,98108,47.5401,-122.3
7192200040,280000,4,1,1880,6288,1,7,1974,98178,47.5101,-122.259
2970800145,350500,3,1.75,2080,5200,1,7,1974,98166,47.4738,-122.35
7225000155,290000,4,3,2390,4500,2,7,1974,98055,47.4872,-122.204
6145601715,403500,4,2.75,2400,3844,1,7,1974,98133,47.7027,-122.347
1036700220,470000,4,2,2410,4680,2,9,1974,98008,47.6234,-122.113
3501100280,460000,2,1,850,4650,1,7,1975,98117,47.6926,-122.365
3530450100,210000,2,1.75,1000,3554,1,8,1975,98198,47.3811,-122.32
1099611230,199000,4,1.5,1160,6400,1,7,1975,98023,47.3036,-122.378
3530440140,276200,2,1.75,1370,4495,1,8,1975,98198,47.3794,-122.317
2114700040,260000,3,2.75,1730,4131,2,7,1975,98106,47.5327,-122.346
7525100530,432100,3,2.25,1790,2240,2,8,1975,98052,47.6343,-122.106
2560800165,180500,2,1,850,5000,1,6,1976,98198,47.3817,-122.314
3438503426,209500,3,1.5,970,5488,1,7,1976,98106,47.5366,-122.359
2926049582,265000,2,1.5,1084,3427,2,7,1976,98125,47.7117,-122.326
8651443360,195700,3,1,1120,5200,1,7,1976,98042,47.3638,-122.088
8143000280,478000,3,1.75,1210,6175,1,7,1976,98034,47.7291,-122.202
3530430155,168000,2,1.5,1220,3568,1.5,8,1976,98198,47.3804,-122.318
7525100520,335000,2,2,1350,2560,1,8,1976,98052,47.6344,-122.107
7972600676,349000,3,1.75,1690,5080,1,7,1976,98106,47.5312,-122.348
8651443420,280000,4,2,1710,5440,1,8,1976,98042,47.366,-122.093
1099600250,260000,3,1.75,1710,6400,1,7,1976,98023,47.3036,-122.377
8651441520,220000,3,1,820,5200,1,6,1977,98042,47.363,-122.094
9547201850,420000,2,1.75,1060,4182,2,7,1977,98115,47.6787,-122.308
8651443190,199500,3,1.75,1160,5200,1,7,1977,98042,47.3643,-122.09
8651441290,195000,3,1.5,1430,5200,1,7,1977,98042,47.3644,-122.094
567000660,425000,4,2,1490,5300,1,7,1977,98144,47.5949,-122.296
8651440250,250000,3,2,1500,5200,1,7,1977,98042,47.3653,-122.09
126039256,434900,3,2,1520,5040,2,7,1977,98177,47.777,-122.362
8651442440,164000,4,1,1530,4875,2,7,1977,98042,47.3638,-122.091
8651442060,214950,3,1.75,1570,4875,1,7,1977,98042,47.3621,-122.094
3972900160,190000,4,2,1580,6250,1,7,1977,98155,47.7659,-122.31
5422560860,450000,2,2,1610,6160,2,8,1977,98052,47.6644,-122.13
8651440780,231000,3,2,1640,4875,1,7,1977,98042,47.3661,-122.094
2112700600,415000,3,2.25,1640,5880,1,7,1977,98106,47.5323,-122.351
5422560470,440000,3,2,1650,6408,2,8,1977,98052,47.6638,-122.128
8651440230,229999,4,2,1670,5200,1,7,1977,98042,47.3652,-122.09
8651443480,282000,3,1,1670,5200,1,7,1977,98042,47.3659,-122.092
8651441210,230000,3,2,1710,5200,1,7,1977,98042,47.3651,-122.094
8651442910,247500,4,2,1710,5200,1,7,1977,98042,47.3634,-122.09
5422560380,499000,3,2.5,1720,5940,1,8,1977,98052,47.6631,-122.129
8651440740,219000,3,1.5,1740,5200,1,7,1977,98042,47.3657,-122.094
5422560930,453000,3,2.5,1750,3900,2,8,1977,98052,47.6638,-122.129
2085200261,422500,3,2,1960,6450,1,7,1977,98038,47.3972,-122.029
7806210380,257500,4,2,2060,6400,1,7,1977,98002,47.2924,-122.197
2413300730,263500,4,1.75,2210,6375,1,8,1977,98003,47.3268,-122.328
9320901250,133400,3,1,900,2550,1,6,1978,98023,47.3036,-122.363
8651442810,152000,3,1,920,4875,1,7,1978,98042,47.3623,-122.09
3530490160,178500,2,1,930,3447,1,8,1978,98198,47.3822,-122.318
3530470190,220000,1,1.5,1100,3451,1.5,8,1978,98198,47.3829,-122.322
1843200240,200000,2,1.5,1360,1898,2,7,1978,98092,47.2852,-122.19
1843200350,150000,2,1.5,1360,1934,2,7,1978,98092,47.2857,-122.189
2822100175,284000,3,1.75,1430,4850,1,7,1978,98108,47.5472,-122.303
3530490070,210000,2,1.75,1440,5680,1,8,1978,98198,47.3825,-122.319
5422560830,468000,2,1.75,1510,4500,1,8,1978,98052,47.6644,-122.13
5422560810,406500,2,1.75,1510,5319,2,8,1978,98052,47.6647,-122.13
4239410220,210000,2,1,1520,4700,2,7,1978,98092,47.3187,-122.182
6300500545,359000,3,1.5,1550,4980,1,7,1978,98133,47.7035,-122.34
8651442510,220000,4,2,1620,5200,1.5,7,1978,98042,47.3629,-122.091
7128300855,313000,4,1.75,1630,3000,1,7,1978,98144,47.5961,-122.305
7116500925,206000,4,2,1700,6025,1,6,1978,98002,47.3029,-122.221
1102000196,477000,4,2.75,1720,6270,2,8,1978,98118,47.5458,-122.268
8651442880,205000,5,1.75,1730,5200,1,7,1978,98042,47.3628,-122.089
7525211410,425500,3,2.5,1970,2752,2,8,1978,98052,47.6345,-122.108
2123700100,353000,5,2.75,2130,5000,1,7,1978,98118,47.5271,-122.274
1105000011,367777,5,3,2140,5937,1,7,1978,98118,47.5459,-122.27
8651442520,228950,4,3,2160,5200,1,7,1978,98042,47.3627,-122.091
565300110,432500,3,2.5,2390,6435,1,8,1978,98034,47.726,-122.194
1938400300,245000,4,2.25,2600,6390,1,8,1978,98023,47.3174,-122.366
7116500920,300000,6,5.25,2860,5682,2,7,1978,98002,47.303,-122.221
6909700437,353250,2,1,1060,1600,2,7,1979,98144,47.5888,-122.294
7211400850,229000,3,1.5,1200,5000,1,6,1979,98146,47.5122,-122.357
3530490031,202200,2,1.75,1330,2159,1,8,1979,98198,47.3822,-122.32
2112700280,295000,3,1.75,1440,4000,1,7,1979,98106,47.5329,-122.354
2113700335,316500,3,1.75,1460,6360,1,7,1979,98106,47.5311,-122.353
9818700645,415000,3,1.75,1470,4000,1,7,1979,98122,47.6067,-122.298
1332700020,278000,2,2.25,1610,1968,2,7,1979,98056,47.5184,-122.196
1332700030,293000,2,2.25,1610,1968,2,7,1979,98056,47.5184,-122.196
1332700010,305000,2,2.25,1610,1968,2,7,1979,98056,47.5184,-122.196
1332700270,215000,2,2.25,1610,2040,2,7,1979,98056,47.518,-122.194
6929603207,243500,4,2,1610,6200,1,7,1979,98198,47.3833,-122.306
9211510410,270000,3,1.75,1610,6205,1,7,1979,98023,47.3004,-122.383
1189001180,425000,3,2.25,1660,6000,1,7,1979,98122,47.6113,-122.297
7525211520,431000,3,2.5,1690,2752,2,8,1979,98052,47.6332,-122.108
9100000040,480000,3,1.75,1710,4080,1,7,1979,98136,47.5563,-122.392
5422570260,405000,2,2.5,1790,5400,2,8,1979,98052,47.6606,-122.128
8857320130,472000,2,2.25,1800,2748,2,9,1979,98008,47.6104,-122.113
6882510060,365000,4,2.5,1800,5070,1,7,1979,98118,47.5303,-122.28
6882510020,340000,4,1.75,1800,5210,1,7,1979,98118,47.5298,-122.28
8857320260,462000,3,2.75,1890,2614,2,9,1979,98008,47.6102,-122.114
6450304600,315000,1,2.25,1940,2550,2,7,1979,98133,47.7313,-122.343
1332700200,359000,3,2.25,1950,1968,2,7,1979,98056,47.5179,-122.195
8857320070,490000,3,2.75,1980,3128,2,9,1979,98008,47.6109,-122.114
2143700935,317000,6,3.5,2120,5840,2,7,1979,98055,47.4788,-122.227
9282801030,440000,5,3,2730,6000,1,8,1979,98178,47.4994,-122.234
1386800054,283450,5,2.75,2770,6116,1,7,1979,98168,47.4847,-122.291
4006000307,155000,2,1,810,4755,1,7,1980,98118,47.5313,-122.28
5016001260,480000,2,1,820,4200,1,7,1980,98112,47.6249,-122.298
3530500010,176000,2,1,920,2332,1,8,1980,98198,47.3779,-122.32
2523039239,260000,3,1.75,1050,5850,1,7,1980,98166,47.4574,-122.358
5476200160,164808,3,1,1250,5411,1,7,1980,98178,47.5064,-122.265
8856004582,198000,3,1.75,1300,6318,1,7,1980,98001,47.2752,-122.251
3530410081,216500,2,1.75,1390,4482,1,8,1980,98198,47.3785,-122.32
8835200330,399950,3,2.5,1470,4488,2,7,1980,98034,47.723,-122.162
109200390,245000,3,1.75,1480,3900,1,7,1980,98023,47.2977,-122.367
7996700220,375000,2,2.25,1640,2240,2,8,1980,98133,47.7154,-122.341
9274204230,410000,3,1.75,1660,6250,1,7,1980,98116,47.5859,-122.385
3438500714,325000,4,2.5,1890,6156,1,7,1980,98106,47.551,-122.356
1442800400,230000,2,1.75,1910,3376,2,8,1980,98038,47.3733,-122.057
9358002375,420000,6,3,2290,6344,2,7,1980,98126,47.565,-122.37
8835200790,280000,2,1,870,4025,1,7,1981,98034,47.7243,-122.161
8835200800,281000,2,1,930,2600,1,7,1981,98034,47.7242,-122.161
1442800370,189950,2,1,1030,4188,1,8,1981,98038,47.3738,-122.057
9284801165,315000,3,2,1060,5750,1,7,1981,98126,47.5523,-122.372
9284801100,317000,3,1.5,1060,5750,1,7,1981,98126,47.5532,-122.372
9284801845,354000,3,1.5,1060,5750,1,7,1981,98126,47.5512,-122.371
3992700335,382500,2,1,1190,4440,1,6,1981,98125,47.7135,-122.287
9268200440,400000,3,1.75,1390,4602,1,7,1981,98117,47.6944,-122.366
8835210480,336500,3,2.25,1420,3433,2,7,1981,98034,47.7245,-122.163
6450301530,381800,4,2,1530,5250,1,7,1981,98133,47.7336,-122.339
5466300130,160000,2,2.5,1660,2258,2,7,1981,98042,47.3793,-122.146
8835200610,372000,3,2.5,1710,5633,2,7,1981,98034,47.7232,-122.161
8835200230,475000,4,2.5,1850,5444,2,7,1981,98034,47.7227,-122.16
7604410030,375000,4,2.75,1890,5240,1,7,1981,98106,47.5528,-122.356
2591010290,285000,1,1.5,810,3211,2,7,1982,98033,47.6939,-122.184
3530530110,149900,2,1.75,1090,1950,1,8,1982,98198,47.3782,-122.319
3057000400,249000,2,1.5,1090,2686,2,7,1982,98034,47.717,-122.19
8835210130,300000,2,1.5,1150,3927,2,7,1982,98034,47.7248,-122.162
3057000070,289000,2,1.5,1160,2158,2,7,1982,98034,47.7178,-122.19
3057000300,295000,3,1.5,1220,3286,2,7,1982,98033,47.7168,-122.189
8835220210,355000,3,1.5,1370,4790,2,7,1982,98034,47.7253,-122.164
7604400150,329900,3,2,1380,5198,1,7,1982,98106,47.5514,-122.357
3438500114,377000,4,2,1640,5014,1,7,1982,98106,47.5545,-122.356
9357001010,410000,3,1.75,1660,5987,1,7,1982,98146,47.5107,-122.381
2742100009,385000,3,1.75,1900,5520,1,7,1982,98118,47.5549,-122.292
8835200160,325000,2,2,970,5000,1,7,1983,98034,47.7223,-122.16
7338000150,160000,2,1,1070,4200,1,6,1983,98002,47.3336,-122.215
5104500020,250000,2,1.5,1088,1360,2,7,1983,98034,47.7094,-122.213
8835220200,299000,2,1.5,1160,3838,2,7,1983,98034,47.7255,-122.164
3438500677,305000,3,1.5,1210,5240,1,7,1983,98106,47.5524,-122.356
5466310060,139500,2,1.5,1230,1561,2,7,1983,98042,47.3768,-122.149
8044200200,401000,2,1.5,1260,2625,2,7,1983,98052,47.6747,-122.151
5466400550,210000,3,1.75,1260,6223,1,7,1983,98042,47.3574,-122.158
7338000270,184500,3,1.5,1280,3640,2,6,1983,98002,47.334,-122.214
7338001190,215000,3,1.5,1280,5065,2,6,1983,98002,47.3343,-122.217
6929604005,240000,3,2,1300,5000,1,7,1983,98198,47.3837,-122.304
8835220090,313500,3,2.25,1440,3488,2,7,1983,98034,47.7257,-122.162
2061100390,475000,2,2,1440,3720,1.5,7,1983,98115,47.6902,-122.325
3530540090,245000,2,1.5,1450,6258,1,8,1983,98198,47.3785,-122.322
9826701490,455000,5,2,1510,3000,2,6,1983,98122,47.6029,-122.304
8121100147,390000,3,2.25,1640,2875,2,6,1983,98118,47.5686,-122.286
5466310730,165000,3,2.5,1660,2415,2,7,1983,98042,47.3763,-122.148
7010700110,440000,3,2.25,1760,1800,2,7,1983,98199,47.6579,-122.394
5412200180,285000,3,2.25,1840,6214,1,7,1983,98031,47.4043,-122.185
8820902400,498000,3,3,2360,2750,2,7,1983,98125,47.7142,-122.281
2841500010,390000,4,3,2860,5724,1,7,1983,98108,47.5427,-122.302
2771602450,370000,2,1.5,1010,2102,2,7,1984,98119,47.6374,-122.375
1995200320,280000,3,2.25,1220,5739,1,7,1984,98115,47.6952,-122.326
5116060030,315000,2,2.25,1290,2436,2,7,1984,98052,47.6803,-122.156
7518503490,495000,3,2,1340,2550,2,7,1984,98117,47.6793,-122.38
6046401105,450000,2,1.5,1450,2550,1,7,1984,98103,47.6911,-122.348
2877100985,490000,3,2.25,1470,2500,2,8,1984,98117,47.6762,-122.36
6450301835,459500,3,1.75,1470,4950,1,7,1984,98133,47.7325,-122.337
7950304045,320000,4,2.75,1640,3000,1,7,1984,98118,47.5625,-122.283
9834200950,385000,4,1.75,1690,4080,1,7,1984,98144,47.572,-122.289
1604601225,423500,3,2,1770,6000,1,7,1984,98118,47.5644,-122.29
8732750100,325000,4,3.5,2630,3435,1.5,7,1984,98188,47.4355,-122.272
339600010,352500,3,1,1000,4171,1,7,1985,98052,47.6834,-122.097
339600290,379950,3,2,1080,5077,1,7,1985,98052,47.6836,-122.095
2475200870,250000,2,1.5,1200,5773,2,7,1985,98055,47.4723,-122.19
3530510041,188500,2,1.75,1240,2493,1,8,1985,98198,47.3813,-122.322
3693900245,445000,2,2,1240,2500,2,7,1985,98117,47.6793,-122.395
2560805440,283500,3,1.75,1250,5375,1,7,1985,98198,47.3787,-122.323
7338000800,185000,3,1.5,1280,4031,2,6,1985,98002,47.3342,-122.215
7338000850,183000,3,1.5,1280,4366,2,6,1985,98002,47.335,-122.215
7338000950,187000,3,1.5,1280,4452,2,6,1985,98002,47.3344,-122.216
5249801720,415000,3,2.5,1280,5040,2,7,1985,98118,47.5611,-122.276
7338000730,167000,3,1.5,1280,5547,2,6,1985,98002,47.3344,-122.215
6145602240,369000,3,1.75,1300,3844,1,7,1985,98133,47.7024,-122.355
6838000520,440000,2,1.75,1330,4903,1,7,1985,98052,47.6819,-122.161
7697870860,245000,3,2,1410,5760,1,7,1985,98030,47.3702,-122.185
3904901520,447000,3,2.25,1440,4667,2,7,1985,98029,47.5662,-122.017
3904901570,432250,3,2.25,1440,6232,2,7,1985,98029,47.5658,-122.018
3904901710,435500,3,2.25,1450,4789,2,7,1985,98029,47.5665,-122.018
2159900120,419000,2,2.5,1470,2034,2,8,1985,98007,47.6213,-122.153
6392001950,435000,3,2.5,1470,3000,1,7,1985,98115,47.6832,-122.286
3904901840,491500,3,2.25,1470,4322,2,7,1985,98029,47.5672,-122.018
3904901670,455000,3,2.25,1470,4653,2,7,1985,98029,47.5667,-122.018
3904901300,468000,3,2.25,1470,5597,2,7,1985,98029,47.5674,-122.019
2159900060,451101,2,1.5,1510,1962,2,8,1985,98007,47.6214,-122.153
2159900020,445000,2,1.5,1510,2001,2,8,1985,98007,47.6211,-122.153
8944290160,230000,3,2,1510,3413,2,7,1985,98031,47.3912,-122.167
8648210140,265000,3,2.25,1510,6071,1,7,1985,98042,47.3619,-122.077
2475201180,303000,3,2.5,1560,4100,2,7,1985,98055,47.4733,-122.189
3904900530,485000,3,2.5,1580,6065,2,8,1985,98029,47.5692,-122.021
2856101105,488000,3,2.5,1590,2550,3,7,1985,98117,47.6772,-122.393
5101405465,463000,3,2,1590,5009,2,6,1985,98125,47.7012,-122.322
3904901330,449950,3,2.25,1610,5159,2,7,1985,98029,47.5675,-122.019
2011000020,265000,3,1.75,1630,5999,1.5,7,1985,98198,47.3816,-122.313
8944290090,233500,3,2.25,1650,2958,2,7,1985,98031,47.3916,-122.167
8944290200,233703,3,2.25,1650,3788,2,7,1985,98031,47.3908,-122.167
2115720070,216300,3,2.5,1650,5000,2,8,1985,98023,47.3206,-122.394
6204200590,410000,3,2.75,1690,5763,1,7,1985,98011,47.7336,-122.202
3566800040,490000,3,3,1730,2940,3,7,1985,98117,47.6911,-122.392
255000270,410000,3,2.25,1790,5794,1.5,7,1985,98072,47.7477,-122.171
3904901450,445000,3,2.25,1850,4050,2,7,1985,98029,47.5669,-122.017
2391600165,475000,3,2.25,2280,5750,1,7,1985,98116,47.5641,-122.393
4123800580,352000,4,2.5,2470,6116,1,7,1985,98038,47.3792,-122.047
7547300050,295000,3,1.5,850,2500,1,7,1986,98106,47.5677,-122.36
7941130110,342000,3,2.25,1200,2845,2,7,1986,98034,47.7151,-122.203
7941130140,319000,3,2.25,1220,2980,2,7,1986,98034,47.7151,-122.203
818500100,174500,2,2.5,1240,2689,2,7,1986,98003,47.3236,-122.323
818500490,153503,2,2.5,1240,3649,2,7,1986,98003,47.3241,-122.322
2475201070,259000,3,1.75,1240,4000,1,7,1986,98055,47.4728,-122.191
3359500960,480000,3,2,1300,3000,2,7,1986,98115,47.6728,-122.325
6046401300,428000,3,2,1310,2550,1,7,1986,98103,47.6911,-122.35
339600190,420000,3,1,1310,3963,1,7,1986,98052,47.6826,-122.096
6450303235,269000,3,1.5,1320,2625,2,7,1986,98133,47.7316,-122.338
104530240,225000,3,2,1320,5665,1,7,1986,98023,47.3096,-122.357
4123800320,176000,3,3.25,1340,5434,2,7,1986,98038,47.3779,-122.045
2591010150,405000,2,1.75,1350,2653,2,7,1986,98033,47.6934,-122.184
2769602140,499950,3,2,1360,2500,1,7,1986,98107,47.6753,-122.363
339600460,419500,3,2.5,1360,3188,2,7,1986,98052,47.6831,-122.096
7940700190,380000,2,2,1370,5756,1,8,1986,98034,47.714,-122.205
2769602135,435000,3,2,1380,2500,1,7,1986,98107,47.6753,-122.363
6300000396,375000,3,1.75,1380,5060,1,7,1986,98133,47.7059,-122.341
9268710220,186950,2,2,1390,1302,2,7,1986,98003,47.3089,-122.33
6705120280,428000,2,2.5,1414,1960,2,8,1986,98006,47.5423,-122.189
4123800270,250000,3,2,1440,5457,2,7,1986,98038,47.3784,-122.046
6705120100,460000,3,2.25,1453,2225,2,8,1986,98006,47.5429,-122.188
104540840,240000,3,2.25,1460,5818,1,7,1986,98023,47.3113,-122.358
9268700040,215000,3,2,1470,2052,1.5,7,1986,98003,47.3084,-122.331
9268710390,239000,2,2,1470,2052,1.5,7,1986,98003,47.3086,-122.328
7941140070,400000,3,2.25,1500,2692,2,7,1986,98034,47.7159,-122.203
6838000170,402000,3,2.5,1520,3425,2,7,1986,98052,47.6801,-122.161
7697870700,260000,3,2.5,1520,6298,2,7,1986,98030,47.3687,-122.182
2591010180,379000,3,2.5,1530,2913,2,7,1986,98033,47.6939,-122.184
2115720270,269000,2,2,1540,5000,1.5,8,1986,98023,47.319,-122.394
4123800260,257700,4,2.25,1600,6202,2,7,1986,98038,47.3784,-122.046
2475200370,350000,3,2.5,1630,5996,2,7,1986,98055,47.4738,-122.19
2540830020,445000,3,2.25,1630,6449,1,7,1986,98011,47.7275,-122.232
4123800400,290000,3,2,1700,6498,1,7,1986,98038,47.3781,-122.044
3814701090,267000,3,2.5,1760,6477,2,8,1986,98030,47.3731,-122.172
6705120540,462370,2,2.25,1860,2670,2,8,1986,98006,47.5436,-122.187
4123800330,335000,3,2.25,1870,5876,2,7,1986,98038,47.3779,-122.045
7697870350,259000,3,2,1870,5909,1,7,1986,98030,47.3665,-122.183
7940700050,475000,3,2.5,1920,4534,2,8,1986,98034,47.7144,-122.204
3881900445,399950,5,2.75,1970,5400,1,7,1986,98144,47.5868,-122.308
2475200330,350000,3,2.25,2010,4400,1.5,7,1986,98055,47.4735,-122.189
9276201190,480000,4,2.75,2050,3960,1,7,1986,98116,47.5808,-122.394
8820901415,400000,4,2.75,1240,3867,1,7,1987,98125,47.7157,-122.284
2475200080,268000,3,1.75,1250,5546,1,7,1987,98055,47.4725,-122.187
7518501140,300000,3,2,1260,2550,2,7,1987,98117,47.6821,-122.378
6450303785,320000,3,1,1340,5175,1,7,1987,98133,47.7321,-122.34
339600090,369950,3,2.5,1360,3718,2,7,1987,98052,47.6827,-122.097
3395380200,190000,2,2.5,1370,3438,2,7,1987,98188,47.4606,-122.283
2591010240,405000,2,1.5,1370,4102,2,7,1987,98033,47.6943,-122.184
2011000010,257950,3,1.75,1370,5858,1,7,1987,98198,47.3815,-122.313
9268710140,191950,2,2.5,1390,1302,2,7,1987,98003,47.3081,-122.329
2313900610,410000,3,2.25,1420,3750,2,7,1987,98116,47.5725,-122.383
7893203480,205000,3,1.5,1420,5000,1,7,1987,98198,47.4192,-122.33
104540820,221000,3,2.25,1430,5999,2,7,1987,98023,47.3116,-122.358
3797000205,444000,3,2,1460,2610,2,8,1987,98103,47.6864,-122.345
1954420420,479000,3,1.75,1470,6018,1,8,1987,98074,47.6171,-122.044
6816300060,426000,2,2.5,1550,2657,2,8,1987,98033,47.7034,-122.188
2591020560,481015,3,2.25,1550,5511,2,8,1987,98033,47.6946,-122.185
339600110,395000,3,2.5,1610,3755,2,7,1987,98052,47.6825,-122.097
7575600430,240000,3,2.5,1620,5250,2,8,1987,98003,47.3538,-122.301
7940700260,422120,3,2.5,1630,4534,2,8,1987,98034,47.7148,-122.205
339600070,408000,3,2,1640,3440,2,7,1987,98052,47.6829,-122.097
3904910320,484950,3,2.25,1670,5004,2,8,1987,98029,47.5688,-122.017
2115720500,286000,3,2.5,1680,5000,2,8,1987,98023,47.3196,-122.395
2475200140,370000,3,2,1680,5036,1,7,1987,98055,47.4734,-122.186
2475200930,289000,3,1.75,1690,3449,1,7,1987,98055,47.4719,-122.191
2475200290,332544,2,1.75,1710,4187,1,7,1987,98055,47.4732,-122.188
3830630140,275000,3,2.5,1730,5799,2,7,1987,98030,47.3499,-122.177
2329800110,296500,3,2.5,1770,6033,2,7,1987,98042,47.3764,-122.119
8663260030,416000,3,2.5,1800,5372,2,8,1987,98034,47.7188,-122.177
1250201165,441000,5,2.5,2000,3600,1,6,1987,98144,47.5971,-122.295
2115720130,289950,3,2.5,2070,5013,2,8,1987,98023,47.3202,-122.395
4174600331,384000,6,3,2320,4502,1,7,1987,98108,47.5552,-122.3
4141680190,375000,3,2.5,2320,5760,1,7,1987,98178,47.504,-122.248
9349900110,355000,2,1.5,1140,2500,1,7,1988,98106,47.5707,-122.359
4057300170,305000,2,1.5,1140,2980,2,7,1988,98029,47.5707,-122.018
4057300180,310000,3,1.5,1140,3104,2,7,1988,98029,47.5707,-122.018
4057300030,310000,3,1.5,1140,3292,2,7,1988,98029,47.5701,-122.017
4057300200,310000,3,1.5,1150,3323,2,7,1988,98029,47.5707,-122.017
8021700725,422500,3,2,1300,2250,2,7,1988,98103,47.6923,-122.332
9407600070,290000,3,2,1310,6265,1,7,1988,98038,47.3893,-122.051
3904930410,424000,3,2,1330,5632,1,8,1988,98029,47.5745,-122.017
7940710070,394000,3,2.5,1370,4400,1,8,1988,98034,47.7139,-122.203
5651010320,335000,2,2,1380,5840,1,7,1988,98011,47.7732,-122.172
3904930530,350000,3,2,1440,5469,1,8,1988,98029,47.5753,-122.017
2475200590,244000,3,1.75,1460,4692,1,7,1988,98055,47.472,-122.192
2591020140,475000,3,2.5,1460,4961,1,8,1988,98033,47.6955,-122.183
5651010300,370000,3,2.25,1650,4859,2,7,1988,98011,47.7729,-122.172
2968801366,350000,3,2.75,1650,5700,2,7,1988,98166,47.4563,-122.348
7575600610,265000,3,2.5,1660,5250,2,8,1988,98003,47.3541,-122.3
3830630310,260000,3,2.5,1670,5797,2,7,1988,98030,47.3505,-122.179
104550520,270000,4,2.5,1750,6397,2,7,1988,98023,47.3082,-122.358
5288200225,437500,3,2,1760,2875,2,7,1988,98126,47.5602,-122.378
1530900560,385000,2,2.5,1760,3710,1,8,1988,98072,47.7335,-122.16
3342101795,430000,4,2.75,1820,5400,1,7,1988,98056,47.5204,-122.205
3904930240,485000,3,2.5,1880,5502,2,8,1988,98029,47.5737,-122.018
3904930730,496600,3,2.5,1910,5562,2,8,1988,98029,47.5738,-122.017
5651010150,435000,3,2.5,1930,5790,2,7,1988,98011,47.7733,-122.17
2095800250,475226,3,2.5,2120,4512,2,8,1988,98011,47.75,-122.183
9268200348,439000,5,2,2610,5009,1,7,1988,98117,47.6969,-122.366
7120000210,275000,2,2.5,1340,5995,2,7,1989,98028,47.7366,-122.233
8641500345,396900,3,2,1360,3120,2,7,1989,98115,47.6943,-122.307
8944310330,375000,3,2.5,1520,5649,2,7,1989,98034,47.7221,-122.162
7428000120,176000,3,2.25,1540,5449,1,7,1989,98023,47.29,-122.358
7575620750,266000,3,2.25,1550,6022,2,8,1989,98003,47.3525,-122.304
2310000280,275000,3,2.25,1620,6415,2,7,1989,98038,47.3577,-122.038
8700110020,273000,3,2.5,1650,5994,2,7,1989,98030,47.3603,-122.19
9485750110,366000,3,1.75,1680,6108,1,8,1989,98055,47.4501,-122.208
3904990570,496700,3,2.5,1740,5782,2,8,1989,98029,47.5783,-122.001
3904980320,498688,3,2.5,1910,5600,2,8,1989,98029,47.5752,-122.009
8944320100,334500,3,2.5,1990,3694,2,8,1989,98042,47.3872,-122.154
2597710050,349950,4,2.5,2090,5289,2,8,1989,98058,47.4289,-122.164
8944320420,355000,3,2.5,2110,4038,2,8,1989,98042,47.3875,-122.153
8944320470,345950,3,2.5,2110,4118,2,8,1989,98042,47.3878,-122.153
8944320280,336000,3,2.5,2110,4549,2,8,1989,98042,47.3885,-122.154
5101405265,445000,4,2.5,2170,5257,2,7,1989,98115,47.6999,-122.305
3904990430,495000,5,2.5,2200,4942,2,8,1989,98029,47.5772,-122.001
7893802670,279900,3,3.25,2240,5000,2,9,1989,98198,47.4114,-122.334
4174600386,310000,5,3,2270,5001,1,7,1989,98108,47.5539,-122.3
9485750240,395000,3,2.5,2310,4930,2,8,1989,98055,47.4512,-122.208
9406500350,207000,2,1.5,1068,1158,2,7,1990,98028,47.753,-122.244
9406500600,239950,2,1.5,1068,1452,2,7,1990,98028,47.753,-122.244
9406500540,243000,2,1.5,1068,1758,2,7,1990,98028,47.7527,-122.244
9406500310,240000,2,1.5,1078,1263,2,7,1990,98028,47.7532,-122.244
9406500530,249000,2,2,1090,1357,2,7,1990,98028,47.7526,-122.244
766900250,406000,3,1.75,1270,6017,1,7,1990,98028,47.737,-122.225
2131701410,299950,3,2.25,1370,5000,2,7,1990,98019,47.7372,-121.981
9406500480,273000,2,2,1384,1822,2,7,1990,98028,47.7525,-122.244
9485760050,297950,3,2,1390,5127,1,8,1990,98055,47.4504,-122.206
1623800440,499922,3,2,1460,3000,1,7,1990,98117,47.682,-122.365
2112700030,357000,5,2.75,1540,4000,1,7,1990,98106,47.533,-122.354
5028600360,213675,3,2.25,1560,6013,2,7,1990,98023,47.2862,-122.352
6664900260,241000,3,2,1650,6000,1,7,1990,98023,47.2904,-122.353
8700120520,280000,3,2.5,1650,6000,2,7,1990,98030,47.36,-122.194
9269200120,415000,3,2.5,1710,4920,2,7,1990,98126,47.5347,-122.376
2391600950,439950,3,2.5,1770,2875,2,8,1990,98116,47.5631,-122.397
2608300030,408200,3,2.5,1800,5761,2,7,1990,98106,47.5293,-122.363
7697920450,249000,4,2.25,1830,6136,2,7,1990,98030,47.367,-122.181
3905050240,425000,3,2.5,1930,4500,2,8,1990,98029,47.5791,-122.001
104560010,278500,4,2.5,1940,6206,2,7,1990,98023,47.3063,-122.359
9188200570,333800,5,3,1980,3868,1,7,1990,98118,47.5173,-122.275
5039300305,450000,3,2.5,1990,3478,2,10,1990,98199,47.6361,-122.399
104560280,273000,4,3,1990,6180,2,7,1990,98023,47.3083,-122.36
3529200190,325000,3,2.5,2220,6049,2,8,1990,98031,47.3972,-122.182
1530900290,475000,3,2.5,2280,3710,1,8,1990,98072,47.735,-122.159
3878900681,272000,1,0.75,1040,6034,1,7,1991,98178,47.5078,-122.251
5113260040,240000,3,2,1100,6360,1,7,1991,98038,47.3878,-122.052
2025700200,265000,3,1.75,1450,5858,1,7,1991,98038,47.3482,-122.037
4310702440,355000,3,2,1480,2502,2,7,1991,98103,47.6969,-122.338
2025701360,260000,3,2.5,1510,6095,2,7,1991,98038,47.3498,-122.037
2025700080,265000,3,2.5,1530,6000,2,7,1991,98038,47.3487,-122.036
5366200210,454000,3,2.5,1590,4094,2,7,1991,98122,47.61,-122.293
2768300650,453000,3,2.5,1650,1838,2,7,1991,98107,47.6666,-122.367
2025700180,300000,3,2.25,1760,5421,2,7,1991,98038,47.3484,-122.037
3601200017,175000,4,2.5,1780,6000,2,7,1991,98198,47.3828,-122.302
3764390100,434000,3,2.75,1830,3200,2,8,1991,98034,47.7155,-122.218
8700120270,278000,4,2.5,1850,6037,2,7,1991,98030,47.359,-122.191
3905040060,477500,3,2,1860,5146,2,8,1991,98029,47.5706,-121.999
7437100570,291000,4,2.5,1860,6325,2,7,1991,98038,47.3492,-122.03
2621660040,325000,5,2.75,2130,6222,1,7,1991,98118,47.5272,-122.276
7831800495,346500,4,2.5,2150,5100,1.5,7,1991,98106,47.5338,-122.36
8856500220,375000,3,3.25,2760,6420,2,9,1991,98031,47.3895,-122.221
3065600270,226750,3,1.75,1070,6315,1,7,1992,98023,47.2803,-122.356
2460900010,364000,2,2.25,1280,2574,2,7,1992,98144,47.5939,-122.302
2025700860,287000,3,2.25,1370,6000,2,7,1992,98038,47.3484,-122.033
6700390210,245000,3,2.5,1600,2788,2,7,1992,98031,47.4034,-122.187
7977201709,475000,3,1.75,1680,3420,1,7,1992,98115,47.6855,-122.291
6700390150,245000,3,2.5,1720,3407,2,7,1992,98031,47.4034,-122.188
6700390090,255950,3,2.5,1720,3676,2,7,1992,98031,47.4039,-122.188
6700390230,256900,3,2.5,1720,3951,2,7,1992,98031,47.4033,-122.187
8944360290,477000,3,2.5,1740,4960,2,8,1992,98029,47.5772,-121.998
8944360390,485000,3,2.5,1760,3097,2,8,1992,98029,47.5764,-121.996
4302200590,375000,3,2.5,1770,5146,2,7,1992,98106,47.5263,-122.356
3905040040,464000,3,2.5,1770,5146,2,8,1992,98029,47.5704,-121.999
6700390100,245000,3,2.5,1770,6187,2,7,1992,98031,47.4034,-122.189
2154550020,250000,3,2.5,1790,6191,2,8,1992,98031,47.4102,-122.195
7437100340,360000,4,2.5,1900,5889,2,7,1992,98038,47.349,-122.031
7857003046,460000,5,3,2008,5050,1,7,1992,98118,47.5376,-122.292
7888780090,277950,3,2.5,2100,6021,2,7,1992,98023,47.2917,-122.375
9828702055,358000,2,1.5,960,1808,2,7,1993,98122,47.6183,-122.298
2310030390,275000,3,1.75,1180,6260,1,8,1993,98038,47.3531,-122.048
1109000040,315000,3,2,1300,3731,1,7,1993,98118,47.5374,-122.27
2310030490,292500,3,2.25,1390,6004,2,8,1993,98038,47.3536,-122.047
2770601741,390000,3,3,1490,2944,2,7,1993,98199,47.6506,-122.384
2025700130,269950,3,2.25,1510,6000,1,7,1993,98038,47.3484,-122.036
1442800150,199950,3,3,1530,2132,2,8,1993,98038,47.3746,-122.056
2025701530,282000,3,2.5,1610,6000,2,7,1993,98038,47.349,-122.036
3654800200,265000,3,2.5,1720,6271,2,7,1993,98038,47.3898,-122.049
7437100210,315000,3,2.5,1730,6368,2,7,1993,98038,47.3505,-122.032
6300500183,305000,4,2,1780,5043,1,7,1993,98133,47.7045,-122.342
2095600150,260000,4,2.5,1790,4358,2,7,1993,98031,47.3994,-122.204
4123840310,342500,3,2.5,1810,5192,2,8,1993,98038,47.3724,-122.042
5468730280,290000,4,2.5,1850,5674,2,7,1993,98042,47.3536,-122.142
1442800060,205000,3,2.5,1870,3118,2,8,1993,98038,47.3739,-122.056
4123840210,380000,3,2.5,1880,6047,2,8,1993,98038,47.3722,-122.044
5559900080,272000,4,2.25,1880,6160,2,7,1993,98023,47.3214,-122.347
829000160,311000,5,3,2020,5917,1,7,1993,98108,47.5482,-122.294
7437100770,275000,3,2.5,2030,6326,2,7,1993,98038,47.3491,-122.029
7137950350,289950,4,3,2040,5050,1,8,1993,98092,47.3266,-122.175
7137950460,272000,4,2.5,2070,6175,2,8,1993,98092,47.3262,-122.174
7129304085,330000,3,2.25,2220,4060,1,7,1993,98118,47.5188,-122.265
1722800860,400000,3,2.75,2220,5000,2,7,1993,98108,47.5515,-122.324
9828200147,425000,3,2,1180,1800,2,8,1994,98122,47.6168,-122.301
2591730200,249900,3,2,1220,6404,1,7,1994,98038,47.3523,-122.059
7137910360,200000,3,2,1290,5757,1,7,1994,98092,47.3175,-122.17
8637100370,252000,3,2,1340,5670,2,6,1994,98055,47.4498,-122.194
4345000090,239000,3,2.5,1360,5754,2,7,1994,98030,47.3645,-122.183
5466410030,249000,3,2,1360,6082,1,7,1994,98042,47.3577,-122.16
8965450190,295000,3,2.5,1500,3060,2,7,1994,98006,47.5605,-122.117
3905100210,449950,3,2.5,1530,3840,2,8,1994,98029,47.5691,-122.007
7883603390,270000,4,1.75,1560,4290,2,7,1994,98108,47.5292,-122.323
3331001115,299000,3,2.5,1590,3121,2,7,1994,98118,47.5515,-122.284
8016250060,255000,3,2.5,1610,6176,2,7,1994,98030,47.3657,-122.173
3905100280,478000,3,2.25,1640,3896,2,8,1994,98029,47.5689,-122.006
3790700110,225000,4,2.5,1700,6031,2,8,1994,98030,47.3582,-122.191
7137960030,298900,3,2.5,1830,6162,2,8,1994,98092,47.3291,-122.17
2508800220,284000,4,2.5,1830,6360,2,8,1994,98031,47.4184,-122.18
2887950020,280000,7,2.5,1940,5458,2,7,1994,98092,47.3191,-122.177
3790700070,302500,4,2.5,1990,5511,2,8,1994,98030,47.3585,-122.191
5557320030,229950,5,2.75,2000,5885,1,7,1994,98023,47.3155,-122.347
2591730230,250000,4,2.5,2040,5770,2,7,1994,98038,47.3522,-122.059
3438502715,385000,4,3,2090,5102,1,7,1994,98106,47.5427,-122.356
9297301495,440000,3,2.5,2160,3738,2,8,1994,98126,47.5661,-122.375
5312100060,465000,4,2.5,2200,3141,2,7,1994,98144,47.5726,-122.305
1529200340,496500,3,2.5,2260,3640,2,8,1994,98072,47.7356,-122.157
7857003851,440000,4,2,2310,5004,1,7,1994,98108,47.5471,-122.298
6300000212,265000,2,1.5,920,1458,2,7,1995,98133,47.7081,-122.342
6300000213,255000,2,1.5,920,1598,2,7,1995,98133,47.7081,-122.342
6661200260,220000,2,1.5,1030,2850,2,7,1995,98038,47.3845,-122.039
1862400518,385000,3,2,1320,1297,3,7,1995,98117,47.6959,-122.376
1862400517,350000,3,2,1320,1298,3,7,1995,98117,47.6959,-122.376
6661200080,230000,3,2.5,1340,3011,2,7,1995,98038,47.3839,-122.038
1559900110,325000,3,2.25,1440,6443,2,7,1995,98019,47.7471,-121.979
4358700100,465000,3,2.5,1450,5175,1,8,1995,98133,47.7082,-122.338
9407150100,285000,3,2,1460,6377,1,7,1995,98038,47.3679,-122.02
789000550,415000,3,1.75,1480,2200,2,7,1995,98103,47.6969,-122.35
789000520,402500,3,1.75,1480,2211,2,7,1995,98103,47.6966,-122.35
3905100070,467000,3,2.5,1530,3984,2,8,1995,98029,47.569,-122.007
2770604346,499000,3,2.5,1540,1326,3,8,1995,98119,47.6457,-122.374
9407150350,308950,3,2.5,1600,6250,2,7,1995,98038,47.3675,-122.02
9430000070,300000,3,2.5,1640,5707,2,7,1995,98031,47.4016,-122.209
8083350070,235000,2,2.25,1660,2748,2,7,1995,98055,47.4333,-122.212
5648600190,310000,3,2.5,1670,5791,2,7,1995,98055,47.4424,-122.188
8665050220,459000,3,2.5,1780,4000,2,8,1995,98029,47.5677,-122.003
1559900200,382000,3,2.25,1800,4500,2,7,1995,98019,47.7462,-121.98
4073800140,429000,3,3.25,2210,3600,2,8,1995,98125,47.7031,-122.279
7137970340,285000,5,2.5,2270,6300,2,8,1995,98092,47.3266,-122.169
3438500486,413000,4,3.5,2380,5809,2,7,1995,98106,47.5536,-122.359
6661200050,175000,2,1,830,2699,1,7,1996,98038,47.3839,-122.038
6661200320,163500,2,1.5,1050,3419,2,7,1996,98038,47.3848,-122.039
423059207,322500,3,2,1190,6445,1,7,1996,98056,47.5057,-122.172
3869900155,340000,2,2,1250,1178,2,7,1996,98136,47.5426,-122.387
6147600040,163000,3,1.75,1290,4811,1,7,1996,98032,47.3912,-122.234
6300500105,304000,2,2.25,1320,1034,3,7,1996,98133,47.7039,-122.344
6909200335,457500,3,2.25,1430,2003,2,8,1996,98144,47.5908,-122.292
8665050060,457500,3,2.5,1500,4445,2,8,1996,98029,47.5682,-122.005
5096300130,413000,3,2,1520,3451,1,8,1996,98177,47.7753,-122.375
1931301105,440000,3,2,1550,2401,2,7,1996,98103,47.6545,-122.348
8001100030,256000,3,2.5,1570,5113,1,7,1996,98001,47.3327,-122.29
3335000050,397000,2,1.75,1610,4104,1,7,1996,98118,47.5565,-122.275
8665050530,450000,3,2,1610,4364,2,8,1996,98029,47.5672,-122.004
5096300140,398500,3,2.5,1630,1971,2,8,1996,98177,47.7753,-122.375
7349600230,275000,3,2.25,1640,6044,2,7,1996,98002,47.2844,-122.205
1542800010,472500,3,2.5,1650,3711,2,8,1996,98052,47.6863,-122.093
8665050450,435000,3,2.5,1730,4065,2,8,1996,98029,47.5668,-122.005
8665050080,445000,3,2.5,1730,4408,2,8,1996,98029,47.5683,-122.005
8665050490,480680,3,2.5,1730,4924,2,8,1996,98029,47.5672,-122.005
8662500130,251100,4,2.5,1790,5257,2,7,1996,98030,47.3849,-122.204
4472000050,265000,3,2.5,1890,6088,2,7,1996,98002,47.2886,-122.218
7128300500,495000,3,2.25,2100,3000,2,7,1996,98144,47.595,-122.306
9407150360,259875,5,2.5,2200,6250,2,7,1996,98038,47.3675,-122.021
8044050040,419950,4,2.5,2260,5164,2,8,1996,98056,47.509,-122.166
2991000160,312500,4,0.5,2300,5570,2,8,1996,98092,47.3285,-122.168
3126049411,340000,2,2.5,1100,1760,3,7,1997,98103,47.6972,-122.35
1453602283,342000,2,2,1320,1462,3,7,1997,98125,47.7223,-122.29
1453602284,296000,2,2,1320,2040,3,7,1997,98125,47.7224,-122.291
4442800008,369000,3,2,1340,1480,3,8,1997,98117,47.6904,-122.393
1683900040,330000,3,2.25,1440,5150,2,7,1997,98106,47.5456,-122.356
7436300160,409900,2,2.5,1590,1845,2,9,1997,98033,47.6897,-122.175
7436300170,411000,2,2.5,1590,2088,2,9,1997,98033,47.6897,-122.175
6639900219,419900,3,2.5,1630,1755,2,8,1997,98033,47.691,-122.176
4472000040,230000,4,3,1680,6003,1,7,1997,98002,47.2885,-122.218
4136950140,250000,3,2.5,1700,6000,2,8,1997,98092,47.2615,-122.221
4136950180,262000,3,2.5,1700,6200,2,8,1997,98092,47.2621,-122.221
2770601461,487500,3,2.5,1810,1988,2,7,1997,98199,47.6513,-122.385
3937900120,400000,4,3,1810,5012,2,7,1997,98108,47.5691,-122.292
7866000158,320000,4,3,1820,3120,1,7,1997,98118,47.5468,-122.274
9543000945,182500,3,2.25,1830,4744,2,7,1997,98001,47.2734,-122.248
8944750850,288400,3,2.25,1870,3230,2,7,1997,98056,47.4915,-122.167
3438502083,310000,5,3,1880,5000,1,7,1997,98106,47.5453,-122.363
8662500350,282000,4,2,1890,6302,2,7,1997,98030,47.3846,-122.205
1023059313,390000,3,2.5,1910,4755,2,8,1997,98059,47.4956,-122.162
7972600450,328000,4,2.75,1930,3840,1,7,1997,98106,47.5303,-122.346
7857003953,420000,4,2.5,1940,5414,2,8,1997,98108,47.5461,-122.299
8944750730,340000,3,2.25,1970,3716,2,7,1997,98056,47.4907,-122.167
8944750480,359000,3,2.25,1990,4331,2,7,1997,98056,47.4917,-122.167
8081650400,236000,4,2.75,2000,5827,2,7,1997,98038,47.3629,-122.026
1310440590,440000,3,2.5,2290,6302,2,9,1997,98058,47.435,-122.107
2991000220,330000,4,2.5,2310,6320,2,8,1997,98092,47.3287,-122.167
2095500120,350000,4,2.5,2380,6124,2,8,1997,98030,47.3662,-122.175
7129301578,495000,3,3.5,2380,6250,2,8,1997,98118,47.5137,-122.252
7436050170,338500,4,2.5,2390,6111,2,8,1997,98030,47.3677,-122.173
9126101740,490000,8,5,2800,2580,2,8,1997,98122,47.6086,-122.303
272000620,290000,2,1,900,2728,2,7,1998,98144,47.5877,-122.298
730000085,285000,2,1,990,2446,2,7,1998,98144,47.5919,-122.297
880000005,168000,2,2.5,1160,2174,2,7,1998,98106,47.5264,-122.366
8892900180,250000,3,1.75,1160,6134,1,7,1998,98002,47.3414,-122.218
6749700117,350000,3,2.25,1190,1022,3,8,1998,98103,47.6972,-122.349
6749700110,342000,3,3,1260,1634,3,8,1998,98103,47.697,-122.349
3423049311,216000,3,2,1260,4125,1,6,1998,98188,47.4401,-122.279
2767704302,422250,2,1.5,1280,1256,2,8,1998,98107,47.6741,-122.375
272000320,398000,3,1.5,1310,2996,2,7,1998,98144,47.5879,-122.299
272000355,325000,3,1.5,1310,2998,2,7,1998,98144,47.5873,-122.299
1032000079,402000,3,1.5,1320,3145,2,7,1998,98144,47.5909,-122.297
8892900210,236000,3,1.75,1330,6301,1,7,1998,98002,47.3411,-122.219
8661000033,235000,3,1.75,1400,6300,1,7,1998,98022,47.2074,-122.001
4249400270,360000,3,2.5,1480,3851,2,8,1998,98072,47.7732,-122.163
869700050,316000,3,2.5,1490,4078,2,8,1998,98059,47.4915,-122.155
263000040,452000,3,2.5,1530,5032,2,7,1998,98103,47.6985,-122.349
1498301213,384000,3,2.5,1540,1564,2,7,1998,98144,47.586,-122.313
538000030,272500,3,2,1540,6250,1,7,1998,98038,47.3539,-122.025
8078520310,278500,3,2,1570,5250,1,7,1998,98092,47.3163,-122.188
8078520090,265000,3,2,1570,5706,1,7,1998,98092,47.3156,-122.188
538000440,325000,3,2.5,1580,4698,2,7,1998,98038,47.3539,-122.025
1862400471,392500,3,3.25,1600,1289,3,8,1998,98117,47.6957,-122.375
7349650230,247500,3,2.25,1620,6000,1,7,1998,98002,47.2835,-122.2
4136950200,255000,3,2.5,1720,6194,2,8,1998,98092,47.2624,-122.221
1545805030,266500,3,2.25,1740,5460,1,7,1998,98038,47.3648,-122.046
3295750610,295000,3,2,1760,6092,1,7,1998,98030,47.3838,-122.184
2991000400,272000,3,2.5,1790,6371,2,8,1998,98092,47.3291,-122.168
1862400522,449000,3,2.5,1810,1658,3,8,1998,98117,47.6955,-122.376
1604600095,362000,5,3,1810,3000,2,7,1998,98118,47.5622,-122.291
7300400670,277000,4,2.5,1850,5880,2,8,1998,98092,47.3322,-122.173
1180500100,353000,4,2.75,1920,4627,1,8,1998,98178,47.5003,-122.23
7950302995,497950,4,2.5,1950,3000,2,7,1998,98118,47.565,-122.281
8078520280,308000,4,2.5,1960,5642,2,7,1998,98092,47.3167,-122.187
8648100130,306500,3,2.5,1970,6291,2,7,1998,98042,47.3627,-122.073
3342100995,449000,4,2.5,1980,5400,2,8,1998,98056,47.5182,-122.207
3764650070,471000,3,2.5,2010,4059,2,8,1998,98034,47.7317,-122.197
3764650050,463000,3,2.5,2010,4195,2,8,1998,98034,47.732,-122.197
1560870470,300000,4,2.5,2080,2999,2,8,1998,98059,47.4909,-122.157
538000450,315000,5,2.5,2090,4698,2,7,1998,98038,47.3538,-122.025
7349620030,272000,4,2.25,2115,6234,2,7,1998,98002,47.285,-122.201
2314300420,400000,4,2.5,2150,5397,2,8,1998,98058,47.4644,-122.151
538000250,332500,4,2.5,2220,4720,2,7,1998,98038,47.3541,-122.024
2742100085,449500,6,4,2280,5275,1,7,1998,98108,47.5556,-122.294
7300400170,334000,4,2.5,2310,6200,2,8,1998,98092,47.3321,-122.172
7852000110,441500,3,2.5,2360,4670,2,7,1998,98065,47.537,-121.871
9406450090,293000,4,2.25,2360,6260,2,7,1998,98038,47.3882,-122.053
7300400200,352000,4,2.5,2650,6366,2,9,1998,98092,47.3325,-122.171
7300410010,340000,4,2.5,2690,6099,2,9,1998,98092,47.3314,-122.171
7300400060,370000,4,2.5,2710,5880,2,9,1998,98092,47.3314,-122.172
3791400100,301000,4,2.5,2810,6146,2,9,1998,98031,47.4045,-122.208
7300400320,340000,4,2.5,2810,6481,2,9,1998,98092,47.333,-122.172
4340610080,269500,2,1,800,1200,2,7,1999,98103,47.6969,-122.347
6300000368,248500,2,1.5,880,1498,2,7,1999,98133,47.7063,-122.342
6300000364,235000,2,1.5,880,1805,2,7,1999,98133,47.7064,-122.342
1972200382,387000,2,1.5,1010,948,3,8,1999,98103,47.6529,-122.355
2026049125,310000,2,2,1030,2271,3,7,1999,98125,47.7263,-122.314
4340610040,312500,2,1.5,1070,1200,2,7,1999,98103,47.697,-122.347
993001629,265000,3,2.75,1120,881,3,8,1999,98103,47.6914,-122.343
1972200660,465000,2,1.5,1120,1201,3,8,1999,98103,47.6524,-122.353
5694500386,399950,2,2.25,1140,1184,2,8,1999,98103,47.659,-122.346
1324300018,476000,2,2.25,1140,1332,3,8,1999,98103,47.6543,-122.356
9528104345,475000,3,2.25,1190,1137,2,7,1999,98115,47.677,-122.325
869700060,315000,3,2.5,1260,2767,2,8,1999,98059,47.4914,-122.155
869700320,300000,3,2.5,1260,3855,2,8,1999,98059,47.4908,-122.154
7502700060,333000,3,1.5,1260,5758,2,7,1999,98006,47.5524,-122.139
1862400528,350500,2,2.5,1290,1445,3,8,1999,98117,47.6955,-122.376
869700350,330000,2,2.5,1310,2915,2,8,1999,98059,47.4911,-122.154
3626039403,360000,3,1.5,1340,1110,2,7,1999,98117,47.698,-122.366
3126049415,388000,3,1.75,1350,2325,3,7,1999,98103,47.6965,-122.35
9358001732,400000,3,2.5,1390,2815,2,8,1999,98126,47.566,-122.366
1453602310,303000,2,1.5,1400,1650,3,7,1999,98125,47.7222,-122.29
1453602313,297000,2,1.5,1430,1650,3,7,1999,98125,47.7222,-122.29
7849202231,337000,3,2.5,1470,3976,2,7,1999,98065,47.526,-121.826
7849202296,339900,3,2.5,1470,4675,2,7,1999,98065,47.5261,-121.827
6149700197,308625,2,2,1500,1408,3,7,1999,98133,47.7293,-122.343
767000159,337900,3,3.5,1500,1471,3,7,1999,98177,47.7034,-122.362
304100070,210000,4,2.25,1500,5393,2,7,1999,98001,47.3378,-122.263
304100090,215000,4,2.25,1500,5393,2,7,1999,98001,47.3378,-122.262
6149700191,307300,2,2,1520,1020,3,7,1999,98133,47.7292,-122.343
9268200550,400000,2,2,1520,5010,1,7,1999,98117,47.6948,-122.364
7852050220,345000,3,2.5,1540,3237,2,7,1999,98065,47.5299,-121.878
869700140,292000,3,2.5,1560,2740,2,8,1999,98059,47.4909,-122.154
4475000180,325000,3,2,1570,5600,1,8,1999,98058,47.4286,-122.185
1862400479,350000,3,3.25,1600,1298,3,8,1999,98117,47.6954,-122.375
869700370,350000,3,2.5,1630,3425,2,8,1999,98059,47.4913,-122.154
1624049275,327000,4,2.5,1630,5361,2,7,1999,98144,47.5704,-122.294
7215721350,465000,3,2.5,1650,4636,2,8,1999,98075,47.5997,-122.016
8029650040,373000,3,2.5,1670,3565,2,7,1999,98072,47.7623,-122.161
2887970040,234950,2,2.5,1720,3132,2,8,1999,98042,47.3728,-122.157
9320990110,340000,3,2.5,1720,4120,2,7,1999,98148,47.4319,-122.328
9320990090,348000,3,2.5,1730,4004,2,7,1999,98148,47.4317,-122.328
9320990140,339950,3,2.5,1730,4286,2,7,1999,98148,47.432,-122.329
705730280,325000,3,2.5,1740,5267,2,7,1999,98038,47.3777,-122.023
8635760040,420000,3,2.5,1770,3993,2,8,1999,98074,47.6027,-122.02
7215721070,485500,4,2.5,1800,4500,2,8,1999,98075,47.5998,-122.014
739980360,295000,4,2.5,1810,4871,2,8,1999,98031,47.4088,-122.192
8635760330,456000,3,2.5,1820,2935,2,8,1999,98074,47.6018,-122.021
3820350070,349950,4,2.5,1820,3134,2,7,1999,98019,47.7351,-121.985
3820350020,359950,4,2.5,1820,3899,2,7,1999,98019,47.735,-121.985
8635760490,410000,3,2.5,1830,2839,2,8,1999,98074,47.6022,-122.021
7300410060,303000,3,2.5,1850,4957,2,8,1999,98092,47.3311,-122.17
7852020580,375000,3,2.75,1890,3930,2,8,1999,98065,47.5337,-121.867
7852020670,475000,3,2.75,1890,3938,2,8,1999,98065,47.5336,-121.867
5680000750,385000,3,3.5,1900,4805,2,8,1999,98108,47.5686,-122.315
739980260,324000,3,2.5,1920,5322,2,8,1999,98031,47.4095,-122.195
1560870040,395000,3,2.5,1960,3953,2,8,1999,98059,47.4904,-122.158
1937300193,499000,4,2.5,1970,2601,2,7,1999,98144,47.5949,-122.308
9485740340,346900,4,2.5,1970,5106,2,8,1999,98055,47.449,-122.205
7457400250,283500,4,2.5,1990,5577,2,7,1999,98092,47.3191,-122.191
7283900185,415000,4,2.5,2000,5962,2,8,1999,98133,47.7695,-122.35
9320990120,345000,4,2.5,2040,5523,2,7,1999,98148,47.432,-122.328
1322049335,244615,3,2.5,2060,4030,2,7,1999,98032,47.3909,-122.238
2621420060,275000,4,2.5,2060,5742,2,7,1999,98030,47.3612,-122.185
7852040110,423700,3,2.5,2070,3986,2,8,1999,98065,47.5348,-121.877
538000390,337500,5,2.5,2070,4698,2,7,1999,98038,47.3539,-122.024
7852020640,470000,3,2.5,2100,4700,2,8,1999,98065,47.5341,-121.867
8067000020,295000,5,3.5,2100,5107,2,7,1999,98178,47.5108,-122.257
7852020590,499900,3,2.5,2100,5112,2,8,1999,98065,47.5338,-121.867
2617370090,338500,3,1.75,2130,5489,1,8,1999,98070,47.4489,-122.456
538000190,334950,4,2.5,2230,5500,2,7,1999,98038,47.3533,-122.023
1330290160,339950,4,2.5,2260,6086,2,8,1999,98030,47.3642,-122.174
7852030330,480000,3,2.5,2270,4488,2,7,1999,98065,47.5329,-121.879
7852030240,485500,4,2.5,2320,3974,2,7,1999,98065,47.532,-121.88
8635760480,473975,3,2.5,2330,3610,2,8,1999,98074,47.6022,-122.021
2113700060,400000,4,2.5,2350,3904,2.5,7,1999,98106,47.5305,-122.351
4136930360,359800,4,2.5,2390,6426,2,9,1999,98092,47.2586,-122.221
7852040080,487275,4,2.5,2400,3986,2,8,1999,98065,47.5344,-121.877
586470350,342000,3,2.5,2430,5715,2,7,1999,98030,47.3718,-122.168
7852040210,449950,4,2.5,2470,3811,2,8,1999,98065,47.5362,-121.877
3791400250,420000,3,2.5,2480,6180,2,9,1999,98031,47.4044,-122.208
9284802215,430000,5,3,2500,5750,1,8,1999,98126,47.551,-122.369
2385200050,425000,3,2.5,2540,5612,2,9,1999,98059,47.4965,-122.157
7300410300,355000,4,2.5,2570,6466,2,9,1999,98092,47.3324,-122.17
4475000170,370000,4,3,2580,5511,2,8,1999,98058,47.4286,-122.185
7852030320,470000,3,2.5,2620,4874,2,7,1999,98065,47.5328,-121.879
9269260100,475000,4,2.25,2680,4673,2,7,1999,98011,47.7539,-122.219
2267000453,415000,3,2.5,1060,1536,2,8,2000,98117,47.6907,-122.395
2767604551,371000,2,1.5,1110,1189,3,8,2000,98107,47.6711,-122.377
993000950,320000,2,1.5,1110,1200,3,8,2000,98103,47.6931,-122.342
3259400024,340000,3,2,1150,700,2,7,2000,98136,47.5552,-122.381
7548300425,336000,1,1,1160,5000,2,7,2000,98144,47.5883,-122.311
2767603577,475000,2,1.5,1170,1250,3,8,2000,98107,47.6719,-122.38
2267000458,497000,3,2.5,1220,1475,3,8,2000,98117,47.6909,-122.395
2026049183,324950,2,1.5,1230,1516,3,8,2000,98125,47.7265,-122.314
476000338,491000,3,2,1250,1306,3,7,2000,98107,47.6705,-122.39
9528102772,438000,2,2,1270,1372,3,8,2000,98115,47.6776,-122.318
3259400030,370000,2,1,1270,1399,3,7,2000,98136,47.5552,-122.381
2767704756,470000,3,3.5,1280,1257,2,8,2000,98107,47.6721,-122.374
9521100855,440000,3,1.5,1290,1286,3,7,2000,98103,47.6617,-122.349
2767704682,482000,2,1.5,1300,1229,2,8,2000,98107,47.6727,-122.375
1912100882,482000,2,2.25,1350,1248,2,7,2000,98102,47.6399,-122.32
6145601312,322000,3,3.25,1380,1225,3,7,2000,98133,47.7035,-122.351
993002177,345000,3,2.5,1380,1547,3,8,2000,98103,47.6908,-122.341
1972200698,474800,2,3.25,1400,1243,3,8,2000,98103,47.6534,-122.353
7169200221,497000,3,2.25,1450,1387,3,8,2000,98115,47.6765,-122.302
3395040200,299880,3,2.5,1460,3044,2,7,2000,98108,47.544,-122.296
9126100487,408000,3,3,1500,1473,2,8,2000,98122,47.6063,-122.305
2895550050,280000,3,2.5,1550,4486,2,7,2000,98001,47.3299,-122.269
7326200030,350000,3,2.25,1550,5401,2,7,2000,98019,47.737,-121.967
2770601677,494000,3,3.5,1570,1486,2.5,8,2000,98199,47.652,-122.384
3820350120,310000,3,2.5,1590,3359,2,7,2000,98019,47.7349,-121.986
3820350140,300000,3,2.5,1590,3381,2,7,2000,98019,47.7344,-121.986
7852060490,356000,3,2.5,1590,3411,2,7,2000,98065,47.5303,-121.878
7852060370,355000,3,2.5,1590,4242,2,7,2000,98065,47.5309,-121.876
6140100022,345000,3,3.25,1600,1882,2,8,2000,98133,47.7151,-122.355
7812500180,292000,3,2.5,1600,3580,2,7,2000,98178,47.4939,-122.261
2895550280,280000,3,2.5,1600,4271,2,7,2000,98001,47.3303,-122.269
9528102771,499000,3,2.5,1610,1728,3,8,2000,98115,47.6776,-122.318
7215721330,485000,3,2.5,1650,4218,2,8,2000,98075,47.5998,-122.016
9286100200,450000,3,2.5,1670,2589,2,8,2000,98027,47.5314,-122.047
9286100150,475200,3,2.5,1670,3980,2,8,2000,98027,47.5317,-122.047
3395040920,300000,3,2.5,1700,3575,2,7,2000,98108,47.5418,-122.295
2895550190,245000,4,2.5,1700,4268,2,7,2000,98001,47.3303,-122.268
2798600240,295700,4,2.5,1720,5805,2,8,2000,98092,47.3286,-122.208
7852020760,399000,3,2.5,1740,3690,2,8,2000,98065,47.5345,-121.867
9406540190,315000,4,2.5,1780,6000,2,9,2000,98038,47.3774,-122.027
8902500118,326000,3,2.5,1782,1577,3,7,2000,98125,47.7114,-122.301
2770601763,450000,3,3.5,1790,1288,3,8,2000,98199,47.651,-122.384
2114700190,385000,4,3.25,1790,2460,2,7,2000,98106,47.534,-122.346
7338402850,250000,4,3,1800,2500,2,7,2000,98108,47.5333,-122.294
253600150,380000,2,2.5,1860,3504,2,7,2000,98028,47.776,-122.239
253600160,384950,3,2.5,1860,3690,2,7,2000,98028,47.776,-122.239
8856970530,326995,3,2.5,1860,5321,2,7,2000,98038,47.3848,-122.033
8860500300,330000,3,2.5,1870,4657,2,8,2000,98055,47.4615,-122.214
7852020800,465000,3,2.5,1890,4808,2,8,2000,98065,47.5348,-121.866
2379300340,321500,4,2.5,1930,6228,2,8,2000,98030,47.3572,-122.191
3295450050,322000,4,2.5,1950,4553,2,7,2000,98056,47.5066,-122.175
5592050080,449999,4,2.5,1950,4947,2,8,2000,98056,47.5042,-122.193
253600180,427500,4,2.5,2010,6294,2,7,2000,98028,47.776,-122.24
5003600240,292000,4,2.5,2060,5950,2,8,2000,98030,47.3631,-122.192
8011100095,415000,3,2.5,2090,6045,2,8,2000,98056,47.4947,-122.174
5003600120,320000,4,2.5,2110,6295,2,8,2000,98030,47.3641,-122.193
7852030960,437500,3,2.5,2120,4500,2,7,2000,98065,47.5322,-121.88
705730180,339995,4,2.5,2180,5367,2,7,2000,98038,47.3775,-122.022
7852020790,490000,3,2.5,2230,5348,2,8,2000,98065,47.5347,-121.866
1909600046,445838,3,2.5,2250,5692,2,8,2000,98146,47.5133,-122.379
7852030310,440000,4,2.5,2410,4780,2,7,2000,98065,47.5326,-121.879
1786630160,344200,4,2.5,2490,5812,2,8,2000,98042,47.3875,-122.155
8860500150,380000,4,2.5,2540,6365,2,8,2000,98055,47.4608,-122.215
9269260420,436000,4,2.5,2640,3899,2,7,2000,98011,47.754,-122.217
9406540050,428400,4,2.5,2650,6000,2,9,2000,98038,47.3768,-122.028
6300000693,233000,2,2.25,850,1656,2,8,2001,98133,47.7064,-122.344
9528104360,435000,2,1.5,901,1245,3,7,2001,98115,47.6774,-122.325
4358700164,260000,2,1.5,980,1296,2,7,2001,98133,47.7075,-122.336
9158100116,285000,2,1.5,990,1380,3,7,2001,98133,47.7218,-122.356
9528104286,455000,2,1.5,1020,1146,3,7,2001,98115,47.6774,-122.325
3644100086,340000,2,1.5,1160,1438,2,7,2001,98144,47.5917,-122.295
2767603608,405000,2,1.5,1170,1274,3,8,2001,98107,47.6719,-122.381
1189000207,387000,2,2.5,1170,1394,2,8,2001,98122,47.6131,-122.297
1189000205,400000,2,2.5,1170,1811,2,8,2001,98122,47.6132,-122.297
9528103443,410000,2,1.5,1180,1034,2,7,2001,98115,47.678,-122.322
476000333,418000,3,2,1250,1306,3,7,2001,98107,47.6705,-122.39
3644100101,374000,2,1.5,1260,1575,2,7,2001,98144,47.5914,-122.295
8673400086,445700,3,2.5,1270,1180,3,8,2001,98107,47.6697,-122.392
7821200390,450000,3,2,1290,1213,3,8,2001,98103,47.6609,-122.344
476000335,430000,2,1.5,1320,1194,3,7,2001,98107,47.6704,-122.39
3445400120,267500,3,1.5,1390,2153,2,7,2001,98118,47.5506,-122.29
7202290180,476000,3,2.5,1440,3840,2,7,2001,98053,47.6873,-122.043
1225039052,465000,3,3.25,1510,1850,2,8,2001,98107,47.6683,-122.362
3395040550,250000,3,2.5,1530,2890,2,7,2001,98108,47.5434,-122.293
9826701794,390000,3,3,1550,1608,2,8,2001,98122,47.6042,-122.303
7326200110,324000,3,2.25,1550,4411,2,7,2001,98019,47.7373,-121.966
1518000080,325000,3,2.5,1570,3143,2,7,2001,98019,47.7364,-121.969
1518000290,325000,3,2.75,1580,4007,2,7,2001,98019,47.7367,-121.969
3395040580,310000,3,2.25,1590,3056,2,7,2001,98108,47.5432,-122.293
112900110,345000,3,2.5,1620,5992,2,7,2001,98019,47.736,-121.965
3395040440,330000,3,2.5,1660,2890,2,7,2001,98108,47.5434,-122.293
112900020,300000,3,2.25,1660,5128,2,7,2001,98019,47.7362,-121.967
9286100300,483500,3,2.5,1670,4308,2,8,2001,98027,47.5307,-122.047
820000012,401000,3,3.25,1770,1977,3,8,2001,98125,47.7186,-122.314
1796700160,279900,4,2.5,1770,4338,2,7,2001,98042,47.3672,-122.099
3670500465,370000,3,2.5,1780,4050,2,7,2001,98155,47.7346,-122.308
2333230060,311000,4,2.5,1780,5822,2,7,2001,98058,47.4455,-122.169
567000755,450000,2,3,1790,1709,2,7,2001,98144,47.5926,-122.296
3395041206,285000,3,2.5,1800,2516,2,7,2001,98108,47.5401,-122.293
3395041236,300000,3,2.5,1800,3253,2,7,2001,98108,47.5401,-122.292
1518000070,355000,3,2.5,1810,3192,1,7,2001,98019,47.7364,-121.969
3820350050,330000,4,2.5,1820,3905,2,7,2001,98019,47.7346,-121.985
820000018,387500,3,3.25,1860,2218,3,8,2001,98125,47.7185,-122.313
1036450290,495000,3,2.5,1860,3150,2,8,2001,98034,47.719,-122.182
3395041194,268000,3,2.75,1880,1793,2,7,2001,98108,47.5405,-122.293
8946400100,488000,3,2.5,1940,5660,2,8,2001,98072,47.7511,-122.17
7889600285,315000,3,2.5,1950,3000,2,7,2001,98146,47.4938,-122.337
4303200130,277000,4,3,1960,5160,1,7,2001,98106,47.5313,-122.36
4112100165,475000,3,3,2010,2554,2,7,2001,98118,47.5525,-122.269
8856970440,353500,3,2.5,2020,4845,2,7,2001,98038,47.3848,-122.033
9286100320,471000,3,2.5,2030,2805,2,8,2001,98027,47.5305,-122.047
5466380050,304500,4,2.5,2030,5202,2,8,2001,98031,47.388,-122.176
6600350140,295000,4,2.5,2030,5754,2,8,2001,98042,47.3542,-122.137
1321970240,265000,4,2.5,2040,4443,2,8,2001,98092,47.3182,-122.189
808300310,389000,4,2.25,2130,5337,2,7,2001,98019,47.7237,-121.959
9475700220,405000,4,2.5,2220,4652,2,7,2001,98059,47.4902,-122.154
9475710060,370000,4,2.5,2220,5338,2,7,2001,98059,47.4887,-122.15
9475710040,291375,4,2.5,2220,6233,2,7,2001,98059,47.4887,-122.15
8029550180,450000,4,2.5,2240,4616,2,7,2001,98056,47.5118,-122.194
808300550,453250,4,2.5,2260,6300,2,7,2001,98019,47.7235,-121.958
5126900321,295000,4,2.5,2290,4539,2,7,2001,98058,47.4753,-122.172
8029550020,431000,4,2.5,2300,6087,2,7,2001,98056,47.5125,-122.192
2331540070,342000,4,2.5,2300,6448,2,8,2001,98030,47.3813,-122.204
1091310140,426950,4,2.75,2350,5589,2,7,2001,98059,47.5098,-122.155
2122059198,335000,4,2.5,2370,6000,2,8,2001,98030,47.3732,-122.179
8857640040,425000,4,2.5,2400,6053,2,8,2001,98038,47.3869,-122.033
5412101150,299000,4,2.5,2400,6078,2,8,2001,98001,47.2606,-122.285
1787250210,379000,4,2.75,2410,5225,2,8,2001,98058,47.4244,-122.151
9558000100,405000,5,2.5,2430,4781,2,9,2001,98058,47.4487,-122.117
8562890590,372000,3,2.5,2430,5000,2,8,2001,98042,47.3786,-122.127
3342102880,464000,3,2.5,2460,5400,1,8,2001,98056,47.5231,-122.202
4022901316,475000,3,2.5,2480,6031,2,8,2001,98155,47.772,-122.297
3955900150,360000,4,2.5,2490,4751,2,7,2001,98056,47.4813,-122.188
3955900220,410000,4,2.5,2510,5258,2,7,2001,98056,47.4818,-122.188
8857640710,479000,4,2.5,2590,6139,2,8,2001,98038,47.3883,-122.035
7852020340,497000,3,2.5,2630,4611,2,8,2001,98065,47.5322,-121.868
7852100110,490000,4,3,2640,5267,2,7,2001,98065,47.5298,-121.88
3955900500,424950,4,2.5,2760,5564,2,7,2001,98056,47.4814,-122.189
6821101837,368000,2,2,930,1662,1,7,2002,98199,47.6518,-122.4
6909200037,375000,2,1.5,1160,1648,2,7,2002,98144,47.5916,-122.293
179001046,229000,3,2.5,1190,3000,2,7,2002,98178,47.4933,-122.275
8910500237,350000,3,3.25,1210,941,2,8,2002,98133,47.7114,-122.356
8910500238,343000,3,3.25,1210,1173,2,8,2002,98133,47.7114,-122.356
3644100095,352900,2,1.5,1240,1892,2,7,2002,98144,47.5915,-122.295
2767604712,437500,3,2.5,1260,1125,3,8,2002,98107,47.6706,-122.381
1563100557,445000,3,1.5,1310,1266,2,8,2002,98116,47.5663,-122.408
6300500081,300000,3,2.5,1330,1200,3,7,2002,98133,47.7034,-122.344
8910500226,370350,3,3.5,1340,1168,2,8,2002,98133,47.711,-122.356
1018000276,217000,3,2.5,1340,4200,2,7,2002,98002,47.2942,-122.226
424049059,373000,3,2,1400,2445,1,7,2002,98144,47.5926,-122.299
263000329,349950,3,2.5,1420,1162,3,8,2002,98103,47.6982,-122.349
263000325,349000,3,2.5,1430,1002,3,8,2002,98103,47.698,-122.349